Variable,Frequency Counts,Mode,Percentages
season,"{3: 4496, 2: 4409, 1: 4242, 4: 4232}",3,"{3: 25.870303239541975, 2: 25.369699062086426, 1: 24.408769204211982, 4: 24.351228494159617}"
yr,"{1: 8734, 0: 8645}",1,"{1: 50.256056159733006, 0: 49.743943840266994}"
mnth,"{5: 1488, 7: 1488, 12: 1483, 8: 1475, 3: 1473, 10: 1451, 6: 1440, 4: 1437, 9: 1437, 11: 1437, 1: 1429, 2: 1341}",5,"{5: 8.562057655791472, 7: 8.562057655791472, 12: 8.533287300765291, 8: 8.487254732723402, 3: 8.47574659071293, 10: 8.349157028597732, 6: 8.285862247540136, 4: 8.268600034524425, 9: 8.268600034524425, 11: 8.268600034524425, 1: 8.222567466482536, 2: 7.716209218021751}"
hr,"{17: 730, 16: 730, 13: 729, 15: 729, 14: 729, 12: 728, 22: 728, 21: 728, 20: 728, 19: 728, 18: 728, 23: 728, 11: 727, 10: 727, 9: 727, 8: 727, 7: 727, 0: 726, 6: 725, 1: 724, 5: 717, 2: 715, 4: 697, 3: 697}",16,"{17: 4.200471833822429, 16: 4.200471833822429, 13: 4.194717762817193, 15: 4.194717762817193, 14: 4.194717762817193, 12: 4.188963691811956, 22: 4.188963691811956, 21: 4.188963691811956, 20: 4.188963691811956, 19: 4.188963691811956, 18: 4.188963691811956, 23: 4.188963691811956, 11: 4.18320962080672, 10: 4.18320962080672, 9: 4.18320962080672, 8: 4.18320962080672, 7: 4.18320962080672, 0: 4.1774555498014845, 6: 4.1717014787962485, 1: 4.165947407791013, 5: 4.125668910754358, 2: 4.114160768743886, 4: 4.010587490649634, 3: 4.010587490649634}"
holiday,"{0: 16879, 1: 500}",0,"{0: 97.1229644973819, 1: 2.8770355026181025}"
weekday,"{6: 2512, 0: 2502, 5: 2487, 1: 2479, 3: 2475, 4: 2471, 2: 2453}",6,"{6: 14.454226365153348, 0: 14.396685655100985, 5: 14.31037459002244, 1: 14.26434202198055, 3: 14.241325737959606, 4: 14.218309453938662, 2: 14.114736175844412}"
workingday,"{1: 11865, 0: 5514}",1,"{1: 68.27205247712756, 0: 31.72794752287243}"
weathersit,"{1: 11413, 2: 4544, 3: 1419, 4: 3}",1,"{1: 65.6712123827608, 2: 26.146498647793315, 3: 8.165026756430175, 4: 0.017262213015708613}"
