Variable,Mean,Median,Mode,Range,Interquartile Range,Variance,Standard Deviation,Skewness,Kurtosis
temp,0.4969871684216583,0.5,0.62,0.98,0.32,0.0370778598307376,0.1925561212497219,-0.00602088334827027,-0.9418442040701822
atemp,0.4757751021347604,0.4848,0.6212,1.0,0.2879,0.029532496613919535,0.17185021563535943,-0.09042885855903955,-0.8454118948352991
hum,0.6272288394038783,0.63,0.88,1.0,0.30000000000000004,0.03722192087154395,0.19292983406291508,-0.11128714936537845,-0.8261167359052539
windspeed,0.1900976063064618,0.194,0.0,0.8507,0.1492,0.014967131527242624,0.12234022857279049,0.5749052034923136,0.5908204107371691
